1	Omnis quae dolorem molestiae corporis. Laboriosam iure quis sint et libero blanditiis est. Itaque aspernatur harum aliquid magnam esse molestias tempora. Ratione fugiat enim fuga.	2	2016-06-09 23:44:19.485-07	f
2	Adipisci voluptate laborum minima sunt facilis sint quibusdam ut. Deserunt nemo pariatur sed facere accusantium quis. Nobis aut voluptate inventore quidem explicabo.	1	2016-04-17 11:49:15.942-07	f
3	Qui provident saepe laborum non est. Eaque aut enim officiis deserunt. Est sed suscipit praesentium et similique repudiandae. Inventore similique commodi non dolores inventore dolor est aperiam.	1	2016-01-31 01:10:12.946-08	f
4	Laboriosam quia quam qui. Fugit vero laboriosam quibusdam et.	4	2016-04-26 12:05:08.34-07	f
6	In quas nesciunt corrupti. Aut possimus cupiditate consequatur et ducimus optio itaque.	4	2016-06-12 07:41:25.366-07	f
7	Incidunt suscipit necessitatibus sit tenetur assumenda cupiditate qui aut dolores. Dolorem voluptatibus est.	5	2016-05-31 04:20:44.336-07	f
8	Veniam sed at labore est error. Ab est quasi ut tempora. Et a porro dolore est. Nobis et voluptate sit et quia dignissimos esse magni magni.	5	2016-09-26 18:24:24.029-07	f
9	Culpa nemo aliquam iste et sunt ea voluptate aspernatur cupiditate. Nihil molestiae maxime laudantium distinctio repellat. Est sit ducimus unde maxime similique optio at animi at.	4	2016-09-17 04:34:45.787-07	f
11	Labore reiciendis corporis distinctio. Iure aut consectetur et ipsam et sed atque accusamus. Laboriosam porro quos minima optio debitis dolor iure. Autem voluptates qui excepturi voluptatibus itaque.	3	2016-05-07 16:58:44.412-07	f
12	Voluptas molestias sapiente rerum praesentium. Cumque ipsum eveniet vitae a et voluptatum quia corrupti. Fuga et porro dignissimos quis impedit laborum qui.	4	2016-02-17 09:00:49.459-08	f
13	Blanditiis provident explicabo. Minima ad veritatis ea voluptas qui.	2	2016-02-24 01:52:28.2-08	f
14	Eos id aperiam. Illo sed qui ab perferendis voluptatem saepe explicabo dicta vero. Saepe perferendis vel perspiciatis deserunt est est.	2	2015-12-06 23:16:59.8-08	f
16	Velit deleniti et et. Officia aut quo molestiae saepe est quia et nesciunt. Cum non et. Sequi esse ex.	4	2016-07-17 17:22:06.315-07	f
17	Rem iure eligendi voluptatem tempore a a assumenda et aliquid. Nihil nesciunt nam alias possimus magni magnam quia. Impedit enim quam sed quis incidunt sapiente amet.	5	2015-12-19 16:23:14.005-08	f
18	Qui sunt culpa iure ut distinctio non qui rerum aut. Dolor consequatur blanditiis reprehenderit natus hic aut amet.	5	2015-11-03 09:09:13.682-08	f
19	Fugit error et. Unde in iure.	14	2016-08-08 16:11:55.957-07	f
21	Voluptatem magnam autem veniam culpa a in. Expedita officia laboriosam ut est quae accusantium. Cum quia laborum sit laudantium est consequatur. Quae voluptas eos rem mollitia.	5	2016-09-06 14:41:04.911-07	f
22	Dolores est fugiat laboriosam. Voluptas qui cumque adipisci officia iste quibusdam. Perspiciatis alias deserunt quia accusantium.	2	2016-02-12 21:23:32.621-08	f
23	Labore magnam est voluptatem eum qui ad voluptas. Doloremque quisquam rerum nihil voluptas enim.	3	2016-03-11 13:08:33.599-08	f
24	Quidem eligendi vel. In facilis labore ducimus consequatur consequatur quam repellendus eos.	5	2016-08-24 13:53:42.162-07	f
26	Repellendus ullam et dolorem nesciunt assumenda sint. Hic natus at dolore. Qui exercitationem porro voluptas.	5	2016-04-09 23:11:48.393-07	f
27	Aut voluptatum fugit ducimus quas. Ea consectetur ullam qui et voluptatem.	4	2016-06-04 21:07:18.751-07	f
28	Eum iure laudantium officia doloremque et ut fugit ut. Magni eveniet ipsa.	1	2016-04-14 20:29:31.212-07	f
29	Culpa veritatis ipsum sapiente dolorem. Odio ut voluptatem. Doloremque rerum similique eum et consequuntur dolor.	2	2016-01-29 01:55:49.001-08	f
31	Nihil consequatur dolore tempore. A quis in veritatis quia non accusantium enim. Inventore aut quam officia.	4	2015-10-26 12:20:13.663-07	f
32	Iure aut veritatis. Nam inventore minus ullam deleniti delectus. Expedita corrupti sit sit facere expedita. Velit qui quis quia repellat atque recusandae praesentium eveniet.	4	2016-01-01 09:45:14.216-08	f
33	Incidunt quibusdam nulla adipisci error quia. Consequatur consequatur soluta fugit dolor iure. Voluptas accusamus fugiat assumenda enim.	1	2016-04-13 08:07:15.119-07	f
34	Non sed sequi sit libero. Accusantium consequatur sint impedit. Qui dolore reiciendis aut eius saepe et nemo enim cum. Atque qui molestiae.	3	2016-07-02 22:08:49.448-07	f
36	Quisquam reiciendis enim quam iusto quae dignissimos. Ut eum omnis. Fugit rerum at nihil sit.	4	2016-10-08 22:12:28.411-07	f
37	Commodi molestias velit voluptatum consequatur aliquid ipsa sequi voluptas. Nobis sed repellat odit. Architecto quasi dolorem non suscipit doloremque. Aperiam sed est consectetur.	4	2016-05-04 07:06:30.225-07	f
38	Quas omnis dignissimos eveniet non minus in voluptas. Aliquam porro non nihil impedit officia ut.	1	2016-02-21 21:11:46.205-08	f
39	Dolorem illo nulla et laboriosam dolore quia tempore consequatur. Est eum laudantium ut aspernatur earum. Quos quia dignissimos. Ea quaerat in.	4	2016-01-10 23:40:29.614-08	f
41	Sint a molestias sit repellendus dolorum dolorem. Nostrum veniam voluptas nihil omnis velit blanditiis numquam. Qui omnis repellendus quos. Sit iusto quis ipsam asperiores ea sit modi incidunt.	2	2015-12-24 06:52:08.723-08	f
42	Et at perspiciatis ab tempora quia porro dolorum omnis. Dolorem aliquam atque id est culpa omnis. Accusantium aut quia provident rerum nam modi. Voluptatem et necessitatibus quo repellat eum soluta voluptatem itaque sed.	2	2016-01-06 19:26:58.663-08	f
30	Aut non a et voluptate voluptate voluptas illo. Dolores nam voluptates expedita. Amet temporibus et.	1	2015-11-15 00:26:11.331-08	t
43	Commodi doloribus incidunt temporibus sed. Minima et maiores necessitatibus in delectus deserunt nulla velit.	4	2015-12-13 17:19:45.949-08	f
44	Et explicabo vitae error est necessitatibus architecto minima. Temporibus eius ipsa in ut et alias. Debitis non molestiae maxime provident dicta voluptas aut.	5	2016-04-02 19:18:58.665-07	f
46	Et sit quis quo ad incidunt est illo. Provident dolores qui repudiandae amet. Veniam quia quae. Ut voluptates ut atque cum.	5	2016-07-22 08:27:29.539-07	f
47	Dolores fugit qui eaque repellendus perspiciatis. Sequi est eligendi beatae at. Pariatur ut placeat exercitationem facere quidem omnis.	1	2016-01-07 08:27:09.5-08	f
48	Temporibus necessitatibus non eveniet repellat molestiae inventore. Qui quia optio repudiandae. Voluptas sit officiis omnis autem recusandae id voluptatem nisi. Perspiciatis quo delectus fugiat aut veniam dolore.	2	2016-08-08 13:57:18.444-07	f
49	Praesentium error eum aliquam. Rem culpa aspernatur. Rerum eos fugit.	4	2015-12-16 03:49:54.859-08	f
5	Sint minus aspernatur debitis ipsum sed architecto aliquid consequatur vero. Ea quod autem quos maiores ut non cupiditate.	4	2016-05-19 05:28:49.316-07	t
10	Omnis ut cum. Optio mollitia quia dolores quod sed temporibus dicta esse. Sit sit quia aut eveniet. Vero minus magnam consectetur enim qui qui harum.	4	2016-07-15 20:56:48.22-07	t
15	Ut consequatur distinctio est eligendi. Non saepe voluptatum ratione perspiciatis. Tenetur quis tenetur voluptas iure.	2	2015-11-17 08:32:39.077-08	t
20	Excepturi omnis hic. Sed dolorem sapiente officia. Aut eligendi architecto. Architecto tempore libero iste reiciendis magnam doloribus rerum.	2	2016-07-12 04:22:33.794-07	t
25	Laudantium itaque qui repellat nostrum eos aut reprehenderit accusamus. Aut a eaque quia ex perferendis quibusdam ratione quisquam sapiente. Ullam consequatur eaque qui delectus veniam nihil qui.	1	2015-12-14 21:59:02.324-08	t
35	Unde nam et aliquam corrupti nam. Omnis qui perferendis autem corrupti vitae et. Autem nam voluptas. Nobis quidem voluptatum qui.	2	2016-02-22 14:20:54.719-08	t
40	Debitis aut perspiciatis sint. Mollitia qui deserunt sint molestiae veritatis rem. Voluptate in dolorum non sint. Qui inventore dolorem quibusdam dolores sed ea alias recusandae voluptatem.	2	2015-12-24 02:35:29.442-08	t
45	Consequuntur at sit. Assumenda voluptate eum vitae consequuntur quia voluptatibus ut et minus.	3	2016-08-07 19:44:27.136-07	t
50	Dignissimos deserunt exercitationem voluptas ut suscipit aut quis placeat est. Velit consequatur quo cumque occaecati nihil. Quae provident suscipit voluptas qui omnis eum eaque.	2	2016-03-20 16:01:34.922-07	t
